id,hebrew_text,intended_sentiment
seed_001,"הדיפלוי לייצור עבר חלק, בלי שום תקלה.",positive
seed_002,הדיפלוי קרס באמצע הלילה ונאלצנו לעשות רולבק.,negative
seed_003,עשינו דיפלוי ביום חמישי אחר הצהריים וכולם ידעו שזה ייגמר רע.,negative
seed_004,סוף סוף הצלחנו לעשות דיפלוי אוטומטי בלי התערבות ידנית.,positive
seed_005,הדיפלוי הבא מתוכנן ליום שלישי בבוקר.,neutral
seed_006,השעה שתיים בלילה ואנחנו עדיין מנסים להעלות את השרתים אחרי הדיפלוי.,negative
seed_007,הישיבה נמשכה שעתיים ולא יצא ממנה שום דבר קונקרטי.,negative
seed_008,הישיבה הפעם הייתה ממוקדת וסיימנו בזמן עם החלטות ברורות.,positive
seed_009,יש לנו ישיבת סטטוס כל יום שני בבוקר.,neutral
seed_010,זימנו אותי לעוד ישיבה שיכלה להיות מייל.,negative
seed_011,סוף סוף ישיבה שבה כולם הקשיבו אחד לשני והגענו להסכמה.,positive
seed_012,הישיבה בוטלה ברגע האחרון בפעם השלישית החודש.,negative
seed_013,יש לנו באג קריטי בייצור והמערכת קורסת כל כמה דקות.,negative
seed_014,מצאנו את הבאג אחרי שעתיים חיפוש ותיקנו אותו תוך רבע שעה.,positive
seed_015,התקרית נמשכה כל הלילה ולקוחות התלוננו בלי הפסקה.,negative
seed_016,התקלה נפתרה מהר בזכות הצוות שהגיב תוך דקות.,positive
seed_017,אנחנו חוקרים את הסיבה לתקרית מאתמול.,neutral
seed_018,זו כבר התקרית השלישית השבוע באותו רכיב בדיוק.,negative
seed_019,"הקליטה של העובד החדש הלכה ממש חלק, הוא כבר תרם קוד ביום השלישי.",positive
seed_020,אף אחד לא הכין לו סביבת עבודה והוא ישב בלי גישה יומיים שלמים.,negative
seed_021,העובד החדש מתחיל השבוע ויעבור הדרכה עם הצוות.,neutral
seed_022,היא התאקלמה מהר מאוד והרגישה חלק מהצוות כבר בשבוע הראשון.,positive
seed_023,"תהליך הקליטה שלנו מבולגן, כל אחד מסביר לו משהו אחר.",negative
seed_024,בזכות המנטור הוא כבר הבין את כל הארכיטקטורה תוך שבוע.,positive
seed_025,הפול ריקווסט קיבל עשרים הערות והמבקר לא היה מרוצה משום דבר.,negative
seed_026,סקירת הקוד עברה מהר וקיבלתי הערות ממש מועילות.,positive
seed_027,הקוד ממתין לסקירה כבר יומיים.,neutral
seed_028,"אף אחד לא בדק את הקוד שלי כבר שבוע, זה תקוע.",negative
seed_029,ההערות בסקירה עזרו לי לראות בעיה שלא הייתי שם לב אליה.,positive
seed_030,המבקר דחה את הפול ריקווסט בלי הסבר אמיתי.,negative
seed_031,סגרנו את כל המשימות בספרינט וגם הקצב שלנו השתפר.,positive
seed_032,לא הצלחנו לסגור אפילו חצי מהמשימות שתכננו בספרינט.,negative
seed_033,הספרינט הבא מתחיל ביום ראשון ונמשך שבועיים.,neutral
seed_034,הצוות עבד ממש טוב יחד והקצב היה הכי גבוה שהיה לנו.,positive
seed_035,כל ספרינט אנחנו מתכננים יותר ממה שאנחנו באמת מספיקים.,negative
seed_036,אספנו את כל המשימות הפתוחות לספרינט הבא.,neutral
seed_037,"הצוות עמד ביעדים השנה, כולם ממש גאים בהישג.",positive
seed_038,לא עמדנו באף אחד מהיעדים הרבעוניים והמנהלים לא מרוצים.,negative
seed_039,היעדים לרבעון הבא ייקבעו בישיבת ההנהלה בשבוע הבא.,neutral
seed_040,"היעד המרכזי הושג מוקדם מהצפוי, זה הישג ממש יפה.",positive
seed_041,היעדים שהוגדרו היו לא ריאליים מלכתחילה.,negative
seed_042,עדכנו את היעדים באמצע הרבעון בעקבות שינוי בעדיפויות.,neutral
seed_043,"עשיתי קומיט קטן וממוקד, הכי קל להבין מה השתנה.",positive
seed_044,הריבייס יצא ממש מסובך ונתקענו איתו כל הבוקר.,negative
seed_045,פתחתי ברנצ' חדש בשביל הפיצ'ר.,neutral
seed_046,ניסיתי לעשות פוש ונתקלתי בקונפליקטים בכל קובץ.,negative
seed_047,המרג' עבר חלק בלי שום קונפליקט.,positive
seed_048,מישהו דחף ישר לברנצ' הראשי בלי לעשות פול ריקווסט.,negative
seed_049,הפוד קרס שוב והקלאסטר לא הצליח להרים אותו מחדש.,negative
seed_050,המעבר למיקרוסרביסים הפחית משמעותית את הזמן שלוקח לשחרר פיצ'ר.,positive
seed_051,האנדפוינט החדש עולה בסוף השבוע.,neutral
seed_052,הלואד באלאנסר לא חילק את התעבורה נכון והשרת אחד קרס מעומס.,negative
seed_053,הוספנו קאש וזמן התגובה של הקליינט ירד דרמטית.,positive
seed_054,הדוקר לא עלה על הנוד החדש בגלל בעיית קונפיגורציה.,negative
seed_055,המיגרציה נכשלה באמצע והשארנו את הדאטהבייס במצב לא עקבי.,negative
seed_056,הוספנו אינדקס לטבלה והקוורי שהיה איטי הפך למהיר פי עשר.,positive
seed_057,אנחנו מריצים בקאפ לדאטהבייס כל לילה.,neutral
seed_058,השאילתה הזאת סורקת את כל הטייבל וזה הורג את הביצועים.,negative
seed_059,עדכנו את הסכמה בלי לשבור אף שירות קיים.,positive
seed_060,הפייפליין נשבר בגלל שינוי קטן וכל הצוות נתקע בלי יכולת לשחרר קוד.,negative
seed_061,הוספנו מוניטורינג ומטריקות וכל בעיה נתפסת הרבה לפני שהיא מגיעה ללקוחות.,positive
seed_062,יש לנו דשבורד שמציג את כל המטריקות של האינפרה.,neutral
seed_063,קיבלנו עשרות אלרטים בלילה ואף אחד מהם לא היה רלוונטי באמת.,negative
seed_064,הטרייס עזר לנו לאתר בדיוק איפה הבקשה נתקעת.,positive
seed_065,המודל רץ באינפרנס עם זמן תגובה של כמה מאות מילישניות.,neutral
seed_066,אחרי הפיין-טיונינג המודל נתן תשובות הרבה יותר מדויקות.,positive
seed_067,הפרומפט לא עבד טוב והמודל החזיר תשובות לא רלוונטיות.,negative
seed_068,האמבדינגים לא הצליחו להפריד בין המשפטים בצורה ברורה.,negative
seed_069,הוספנו שכבת אחזור מידע עם וקטור דאטהבייס והתשובות הפכו הרבה יותר מדויקות.,positive
seed_070,האייג'נט משתמש בכלים חיצוניים כדי להשלים את המשימה.,neutral
seed_071,קיבלתי אופר אחרי האונסייט וזה הרגיש כמו הישג ענק.,positive
seed_072,הסקרינינג הראשון היה ממש לא מאורגן ולקח שבועיים לקבל תשובה.,negative
seed_073,שלחתי רפרל לחבר שלי לתפקיד בצוות.,neutral
seed_074,קיבלתי פרומושן ללבל הבא אחרי שנה של עבודה קשה.,positive
seed_075,הפידבק שקיבלתי היה כללי מדי ולא עזר לי להבין מה לשפר.,negative
seed_076,יש לנו בלוקר שמונע מאיתנו להתקדם כבר יומיים.,negative
seed_077,הדדליין הזה לא ריאלי מלכתחילה ולא נספיק.,negative
seed_078,בוא נעשה סינק קצר לפני הישיבה.,neutral
seed_079,תן לי אפדייט על הטיקט הזה.,neutral
seed_080,הטיקט הזה כבר שבועיים בבקלוג ואף אחד לא נגע בו.,negative
seed_081,"הרטרו הפעם היה כן ופתוח, כולם העלו נקודות אמיתיות.",positive
seed_082,"הסטנדאפ היה קצר וממוקד, בדיוק כמו שצריך.",positive
seed_083,הגרומינג נמשך שעה שלמה על טיקט אחד קטן.,negative
seed_084,"האסטימציה שלנו הייתה רחוקה מהמציאות, לקח פי שלוש מהזמן.",negative
seed_085,"האונר של הטיקט הזה לא ברור, כל אחד חושב שזה מישהו אחר.",negative
seed_086,העליתי את הריפו לגישה של כל הצוות.,neutral
seed_087,הבילד נכשל בגלל תלות שהשתנתה בלי שידענו.,negative
seed_088,הריליס יצא בזמן ובלי אף באג ידוע.,positive
seed_089,עשיתי פיקס מהיר לבאג הקריטי תוך עשר דקות.,positive
seed_090,שחררנו פאץ' קטן לתיקון הבעיה מאתמול.,neutral
seed_091,הריפקטור לקח הרבה יותר זמן ממה שתכננו וכמעט שבר הכול.,negative
seed_092,בזבזתי את כל הבוקר בדיבאג של בעיה שהתבררה כטריוויאלית.,negative
seed_093,בוא נבדוק את הלוגים לפני שנסיק מסקנות.,neutral
seed_094,הקמנו קונטיינר נפרד לכל שירות וזה הקל מאוד על הפריסה.,positive
seed_095,קוברנטיס לא הצליח לתזמן את הפוד בגלל מחסור במשאבים.,negative
seed_096,הוספנו נוד חדש לקלאסטר וזה פתר את בעיית העומס לגמרי.,positive
seed_097,הסרבר נפל בשעת שיא והמון משתמשים לא הצליחו להתחבר.,negative
seed_098,הגייטוויי מנתב את כל הבקשות לשירותים הפנימיים.,neutral
seed_099,יש לנו לטנסי גבוהה בבקשות והלקוחות מתלוננים.,negative
seed_100,הפתרון הזה לא סקיילבילי ויקרוס ברגע שהעומס יגדל.,negative
seed_101,זה אוברהד מיותר לתחזק שני מערכות שעושות בדיוק אותו דבר.,negative
seed_102,המודל מוגבל למספר טוקנים מסוים בכל בקשה.,neutral
seed_103,עברנו את מגבלת הטוקנים והבקשה נכשלה.,negative
seed_104,קיבלתי בונוס יפה בסוף השנה על התרומה שלי לפרויקט.,positive
seed_105,הבונוס השנה היה נמוך משמעותית מהציפיות של הצוות.,negative
