id,mixing_level,text,sentiment
seed_001_0,0,"הדיפלוי לייצור עבר חלק, בלי שום תקלה.",positive
seed_001_100,100,"The deployment to production went smoothly, with zero issues.",positive
seed_001_30,30,"ה-deployment ל-production עבר חלק, totally בלי תקלות.",positive
seed_001_60,60,"The deployment ל-production was חלק, totally no issues.",positive
seed_002_0,0,הדיפלוי קרס באמצע הלילה ונאלצנו לעשות רולבק.,negative
seed_002_100,100,The deployment crashed in the middle of the night and we had to do a rollback.,negative
seed_002_30,30,ה-deployment קרס באמצע הלילה ו-literally נאלצנו לעשות rollback.,negative
seed_002_60,60,The deployment קרס באמצע the night ו-we had to do a rollback.,negative
seed_003_0,0,עשינו דיפלוי ביום חמישי אחר הצהריים וכולם ידעו שזה ייגמר רע.,negative
seed_003_100,100,We deployed on Thursday afternoon and everyone knew it was going to end badly.,negative
seed_003_30,30,"עשינו deployment ביום חמישי אחה""צ ו-basically כולם ידעו שזה ייגמר רע.",negative
seed_003_60,60,We did a deployment ביום חמישי afternoon ו-everyone totally knew it would end badly.,negative
seed_004_0,0,סוף סוף הצלחנו לעשות דיפלוי אוטומטי בלי התערבות ידנית.,positive
seed_004_100,100,"We finally managed to get automatic deployment working, with zero manual intervention.",positive
seed_004_30,30,"סוף סוף הצלחנו לעשות automatic deployment, totally בלי manual intervention.",positive
seed_004_60,60,"Finally הצלחנו to do automatic deployment, totally without manual intervention.",positive
seed_005_0,0,הדיפלוי הבא מתוכנן ליום שלישי בבוקר.,neutral
seed_005_100,100,The next deployment is scheduled for Tuesday morning.,neutral
seed_005_30,30,ה-next deployment מתוכנן ליום שלישי בבוקר.,neutral
seed_005_60,60,The next deployment is planned ליום שלישי in the morning.,neutral
seed_006_0,0,השעה שתיים בלילה ואנחנו עדיין מנסים להעלות את השרתים אחרי הדיפלוי.,negative
seed_006_100,100,It's 2am and we're still trying to bring the servers back up after the deployment.,negative
seed_006_30,30,השעה שתיים בלילה ואנחנו still מנסים להעלות את ה-servers אחרי ה-deployment.,negative
seed_006_60,60,It's 2am ואנחנו still trying להעלות the servers after the deployment.,negative
seed_007_0,0,הישיבה נמשכה שעתיים ולא יצא ממנה שום דבר קונקרטי.,negative
seed_007_100,100,The meeting dragged on for two hours and literally nothing concrete came out of it.,negative
seed_007_30,30,ה-meeting נמשכה שעתיים ו-literally לא יצא ממנה שום דבר concrete.,negative
seed_007_60,60,The meeting נמשכה two hours ו-literally nothing concrete came out of it.,negative
seed_008_0,0,הישיבה הפעם הייתה ממוקדת וסיימנו בזמן עם החלטות ברורות.,positive
seed_008_100,100,The meeting this time was focused and we finished on time with clear decisions.,positive
seed_008_30,30,ה-meeting הפעם הייתה focused וסיימנו בזמן עם clear decisions.,positive
seed_008_60,60,The meeting this time was totally focused ו-we finished on time עם clear decisions.,positive
seed_009_0,0,יש לנו ישיבת סטטוס כל יום שני בבוקר.,neutral
seed_009_100,100,We have a status meeting every Monday morning.,neutral
seed_009_30,30,יש לנו status meeting כל יום שני בבוקר.,neutral
seed_009_60,60,We have a status meeting כל Monday morning.,neutral
seed_010_0,0,זימנו אותי לעוד ישיבה שיכלה להיות מייל.,negative
seed_010_100,100,They invited me to another meeting that could literally have been an email.,negative
seed_010_30,30,זימנו אותי לעוד meeting שיכלה literally להיות an email.,negative
seed_010_60,60,They invited אותי to another meeting that could literally have been an email.,negative
seed_011_0,0,סוף סוף ישיבה שבה כולם הקשיבו אחד לשני והגענו להסכמה.,positive
seed_011_100,100,Finally a meeting where everyone actually listened to each other and we reached an agreement.,positive
seed_011_30,30,סוף סוף meeting שבה כולם totally הקשיבו אחד לשני והגענו ל-agreement.,positive
seed_011_60,60,Finally a meeting שבה everyone actually listened to each other ו-we reached an agreement.,positive
seed_012_0,0,הישיבה בוטלה ברגע האחרון בפעם השלישית החודש.,negative
seed_012_100,100,"The meeting got canceled at the last minute, for the third time this month.",negative
seed_012_30,30,"ה-meeting בוטלה ברגע האחרון, ה-third time החודש.",negative
seed_012_60,60,"The meeting got canceled ברגע last minute, the third time החודש.",negative
seed_013_0,0,יש לנו באג קריטי בייצור והמערכת קורסת כל כמה דקות.,negative
seed_013_100,100,We have a critical bug in production and the system is crashing every few minutes.,negative
seed_013_30,30,יש לנו critical bug ב-production וה-system קורסת כל כמה minutes.,negative
seed_013_60,60,We have a critical bug ב-production ו-the system crashes every few minutes.,negative
seed_014_0,0,מצאנו את הבאג אחרי שעתיים חיפוש ותיקנו אותו תוך רבע שעה.,positive
seed_014_100,100,We found the bug after two hours of searching and fixed it within fifteen minutes.,positive
seed_014_30,30,מצאנו את ה-bug אחרי שעתיים search ותיקנו אותו תוך quarter of an hour.,positive
seed_014_60,60,We found the bug אחרי two hours of search ו-fixed it תוך fifteen minutes.,positive
seed_015_0,0,התקרית נמשכה כל הלילה ולקוחות התלוננו בלי הפסקה.,negative
seed_015_100,100,The incident dragged on all night and customers were complaining non-stop.,negative
seed_015_30,30,ה-incident נמשכה כל הלילה ו-customers התלוננו totally בלי הפסקה.,negative
seed_015_60,60,The incident נמשכה all night ו-customers were complaining non-stop.,negative
seed_016_0,0,התקלה נפתרה מהר בזכות הצוות שהגיב תוך דקות.,positive
seed_016_100,100,"The issue was resolved fast thanks to the team, which reacted within minutes.",positive
seed_016_30,30,ה-issue נפתרה fast בזכות ה-team שהגיב תוך minutes.,positive
seed_016_60,60,The issue was resolved fast thanks to the team שreacted תוך minutes.,positive
seed_017_0,0,אנחנו חוקרים את הסיבה לתקרית מאתמול.,neutral
seed_017_100,100,We're investigating the root cause of yesterday's incident.,neutral
seed_017_30,30,אנחנו investigating את הסיבה ל-incident מאתמול.,neutral
seed_017_60,60,We're investigating את the root cause of yesterday's incident.,neutral
seed_018_0,0,זו כבר התקרית השלישית השבוע באותו רכיב בדיוק.,negative
seed_018_100,100,This is already the third incident this week on the exact same component.,negative
seed_018_30,30,זו כבר ה-third incident השבוע באותו component בדיוק.,negative
seed_018_60,60,This is already the third incident השבוע on the exact same component.,negative
seed_019_0,0,"הקליטה של העובד החדש הלכה ממש חלק, הוא כבר תרם קוד ביום השלישי.",positive
seed_019_100,100,The new employee's onboarding went totally smoothly — he already contributed code by day three.,positive
seed_019_30,30,"ה-onboarding של ה-new employee הלכה totally חלק, הוא כבר contributed code ביום השלישי.",positive
seed_019_60,60,"The onboarding של the new employee went totally smoothly, he already contributed code ביום שלישי.",positive
seed_020_0,0,אף אחד לא הכין לו סביבת עבודה והוא ישב בלי גישה יומיים שלמים.,negative
seed_020_100,100,Nobody set up his dev environment and he sat without access for two full days.,negative
seed_020_30,30,אף אחד לא הכין לו dev environment והוא ישב בלי access יומיים שלמים.,negative
seed_020_60,60,Nobody set up his dev environment ו-he sat without access for two full days.,negative
seed_021_0,0,העובד החדש מתחיל השבוע ויעבור הדרכה עם הצוות.,neutral
seed_021_100,100,The new employee starts this week and will go through training with the team.,neutral
seed_021_30,30,ה-new employee מתחיל השבוע ויעבור training עם ה-team.,neutral
seed_021_60,60,The new employee starts השבוע and will go through training עם the team.,neutral
seed_022_0,0,היא התאקלמה מהר מאוד והרגישה חלק מהצוות כבר בשבוע הראשון.,positive
seed_022_100,100,She adjusted super fast and felt totally part of the team already in the first week.,positive
seed_022_30,30,היא התאקלמה super fast והרגישה totally part מה-team כבר בשבוע הראשון.,positive
seed_022_60,60,She adjusted super fast ו-felt totally part of the team כבר in the first week.,positive
seed_023_0,0,"תהליך הקליטה שלנו מבולגן, כל אחד מסביר לו משהו אחר.",negative
seed_023_100,100,Our onboarding process is totally messy — everyone explains something different to him.,negative
seed_023_30,30,"ה-onboarding process שלנו totally מבולגן, כל אחד מסביר לו משהו אחר.",negative
seed_023_60,60,"Our onboarding process is totally messy, everyone explains לו something different.",negative
seed_024_0,0,בזכות המנטור הוא כבר הבין את כל הארכיטקטורה תוך שבוע.,positive
seed_024_100,100,"Thanks to the mentor, he already understood the whole architecture within a week.",positive
seed_024_30,30,בזכות ה-mentor הוא כבר הבין את כל ה-architecture תוך week.,positive
seed_024_60,60,Thanks to the mentor he already understood the whole architecture תוך a week.,positive
seed_025_0,0,הפול ריקווסט קיבל עשרים הערות והמבקר לא היה מרוצה משום דבר.,negative
seed_025_100,100,The PR got twenty comments and the reviewer wasn't satisfied with anything.,negative
seed_025_30,30,ה-PR קיבל twenty comments וה-reviewer לא היה satisfied משום דבר.,negative
seed_025_60,60,The PR got twenty comments ו-the reviewer wasn't satisfied with anything.,negative
seed_026_0,0,סקירת הקוד עברה מהר וקיבלתי הערות ממש מועילות.,positive
seed_026_100,100,The code review went fast and I got really helpful comments.,positive
seed_026_30,30,ה-code review עברה fast וקיבלתי really useful comments.,positive
seed_026_60,60,The code review went fast ו-I got really helpful comments.,positive
seed_027_0,0,הקוד ממתין לסקירה כבר יומיים.,negative
seed_027_100,100,The code has been waiting for review for two days already.,negative
seed_027_30,30,ה-code ממתין ל-review כבר two days.,negative
seed_027_60,60,The code has been waiting ל-review כבר two days.,negative
seed_028_0,0,"אף אחד לא בדק את הקוד שלי כבר שבוע, זה תקוע.",negative
seed_028_100,100,"Nobody has checked my code for a week already, it's totally stuck.",negative
seed_028_30,30,"אף אחד לא בדק את ה-code שלי כבר week, זה totally תקוע.",negative
seed_028_60,60,"Nobody checked my code כבר a week, it's totally stuck.",negative
seed_029_0,0,ההערות בסקירה עזרו לי לראות בעיה שלא הייתי שם לב אליה.,positive
seed_029_100,100,The comments in the review helped me see an issue I wouldn't have noticed otherwise.,positive
seed_029_30,30,ה-comments ב-review עזרו לי לראות issue שלא הייתי שם לב אליה.,positive
seed_029_60,60,The comments in the review helped me see an issue שI wouldn't have noticed.,positive
seed_030_0,0,המבקר דחה את הפול ריקווסט בלי הסבר אמיתי.,negative
seed_030_100,100,The reviewer rejected the PR without any real explanation.,negative
seed_030_30,30,ה-reviewer דחה את ה-PR בלי real explanation.,negative
seed_030_60,60,The reviewer rejected the PR בלי any real explanation.,negative
seed_031_0,0,סגרנו את כל המשימות בספרינט וגם הקצב שלנו השתפר.,positive
seed_031_100,100,We closed all the tasks in the sprint and our velocity totally improved.,positive
seed_031_30,30,סגרנו את כל ה-tasks ב-sprint וגם ה-velocity שלנו totally השתפר.,positive
seed_031_60,60,We closed all the tasks ב-sprint ו-our velocity totally improved.,positive
seed_032_0,0,לא הצלחנו לסגור אפילו חצי מהמשימות שתכננו בספרינט.,negative
seed_032_100,100,We didn't manage to close even half the tasks we planned for the sprint.,negative
seed_032_30,30,לא הצלחנו לסגור אפילו half מה-tasks שתכננו ב-sprint.,negative
seed_032_60,60,We didn't manage to close even half of the tasks שwe planned ב-sprint.,negative
seed_033_0,0,הספרינט הבא מתחיל ביום ראשון ונמשך שבועיים.,neutral
seed_033_100,100,The next sprint starts on Sunday and lasts two weeks.,neutral
seed_033_30,30,ה-next sprint מתחיל ביום ראשון ונמשך two weeks.,neutral
seed_033_60,60,The next sprint starts ביום ראשון and lasts two weeks.,neutral
seed_034_0,0,הצוות עבד ממש טוב יחד והקצב היה הכי גבוה שהיה לנו.,positive
seed_034_100,100,The team worked really well together and the velocity was the highest we've had.,positive
seed_034_30,30,ה-team עבד really well יחד וה-velocity היה ה-highest שהיה לנו.,positive
seed_034_60,60,The team worked really well together ו-the velocity was the highest שwe've had.,positive
seed_035_0,0,כל ספרינט אנחנו מתכננים יותר ממה שאנחנו באמת מספיקים.,negative
seed_035_100,100,Every sprint we plan more than what we actually manage to finish.,negative
seed_035_30,30,כל sprint אנחנו מתכננים more ממה שאנחנו really מספיקים.,negative
seed_035_60,60,Every sprint we plan יותר than what אנחנו actually get done.,negative
seed_036_0,0,אספנו את כל המשימות הפתוחות לספרינט הבא.,neutral
seed_036_100,100,We collected all the open tasks for the next sprint.,neutral
seed_036_30,30,אספנו את כל ה-open tasks ל-next sprint.,neutral
seed_036_60,60,We collected all the open tasks ל-the next sprint.,neutral
seed_037_0,0,"הצוות עמד ביעדים השנה, כולם ממש גאים בהישג.",positive
seed_037_100,100,"The team hit its goals this year, everyone is totally proud of the achievement.",positive
seed_037_30,30,"ה-team עמד ב-OKRs השנה, כולם totally גאים ב-achievement.",positive
seed_037_60,60,"The team hit the goals השנה, everyone is totally proud of the achievement.",positive
seed_038_0,0,לא עמדנו באף אחד מהיעדים הרבעוניים והמנהלים לא מרוצים.,negative
seed_038_100,100,We didn't hit any of the quarterly goals and the managers aren't satisfied.,negative
seed_038_30,30,לא עמדנו באף אחד מה-quarterly goals וה-managers לא satisfied.,negative
seed_038_60,60,We didn't hit any of the quarterly goals ו-the managers aren't satisfied.,negative
seed_039_0,0,היעדים לרבעון הבא ייקבעו בישיבת ההנהלה בשבוע הבא.,neutral
seed_039_100,100,The goals for next quarter will be set in the leadership meeting next week.,neutral
seed_039_30,30,ה-goals ל-next quarter ייקבעו ב-leadership meeting בשבוע הבא.,neutral
seed_039_60,60,The goals for the next quarter will be set ב-the leadership meeting next week.,neutral
seed_040_0,0,"היעד המרכזי הושג מוקדם מהצפוי, זה הישג ממש יפה.",positive
seed_040_100,100,"The main goal was achieved earlier than expected, that's a really nice achievement.",positive
seed_040_30,30,"ה-main goal הושג earlier מהצפוי, זה really nice achievement.",positive
seed_040_60,60,"The main goal was achieved earlier מ-expected, that's a really nice achievement.",positive
seed_041_0,0,היעדים שהוגדרו היו לא ריאליים מלכתחילה.,negative
seed_041_100,100,The goals that were set were totally unrealistic from the start.,negative
seed_041_30,30,ה-goals שהוגדרו היו totally unrealistic מלכתחילה.,negative
seed_041_60,60,The goals שwere set were totally unrealistic from the start.,negative
seed_042_0,0,עדכנו את היעדים באמצע הרבעון בעקבות שינוי בעדיפויות.,neutral
seed_042_100,100,We updated the goals mid-quarter following a change in priorities.,neutral
seed_042_30,30,עדכנו את ה-goals באמצע ה-quarter בעקבות change בעדיפויות.,neutral
seed_042_60,60,We updated the goals באמצע the quarter following a change בpriorities.,neutral
seed_043_0,0,"עשיתי קומיט קטן וממוקד, הכי קל להבין מה השתנה.",positive
seed_043_100,100,"I made a small, focused commit — the easiest way to understand what changed.",positive
seed_043_30,30,"עשיתי commit קטן וfocused, הכי easy להבין מה השתנה.",positive
seed_043_60,60,"I made a small, focused commit, the easiest way להבין what changed.",positive
seed_044_0,0,הריבייס יצא ממש מסובך ונתקענו איתו כל הבוקר.,negative
seed_044_100,100,The rebase turned out really complicated and we got stuck with it all morning.,negative
seed_044_30,30,ה-rebase יצא really complicated ונתקענו איתו כל ה-morning.,negative
seed_044_60,60,The rebase turned out really complicated ו-we got stuck with it all morning.,negative
seed_045_0,0,פתחתי ברנצ' חדש בשביל הפיצ'ר.,neutral
seed_045_100,100,I opened a new branch for the feature.,neutral
seed_045_30,30,פתחתי branch חדש בשביל ה-feature.,neutral
seed_045_60,60,I opened a new branch בשביל the feature.,neutral
seed_046_0,0,ניסיתי לעשות פוש ונתקלתי בקונפליקטים בכל קובץ.,negative
seed_046_100,100,I tried to push and ran into conflicts in every file.,negative
seed_046_30,30,ניסיתי לעשות push ונתקלתי ב-conflicts בכל file.,negative
seed_046_60,60,I tried to push ו-ran into conflicts בevery file.,negative
seed_047_0,0,המרג' עבר חלק בלי שום קונפליקט.,positive
seed_047_100,100,The merge went smoothly without any conflict.,positive
seed_047_30,30,ה-merge עבר smoothly בלי שום conflict.,positive
seed_047_60,60,The merge went smoothly בלי any conflict.,positive
seed_048_0,0,מישהו דחף ישר לברנצ' הראשי בלי לעשות פול ריקווסט.,negative
seed_048_100,100,Someone pushed straight to the main branch without doing a PR.,negative
seed_048_30,30,מישהו pushed ישר ל-main branch בלי לעשות PR.,negative
seed_048_60,60,Someone pushed straight ל-the main branch without doing a PR.,negative
seed_049_0,0,הפוד קרס שוב והקלאסטר לא הצליח להרים אותו מחדש.,negative
seed_049_100,100,The pod crashed again and the cluster couldn't bring it back up.,negative
seed_049_30,30,ה-pod קרס again וה-cluster לא הצליח להרים אותו מחדש.,negative
seed_049_60,60,The pod crashed again ו-the cluster couldn't bring it back up.,negative
seed_050_0,0,המעבר למיקרוסרביסים הפחית משמעותית את הזמן שלוקח לשחרר פיצ'ר.,positive
seed_050_100,100,The move to microservices significantly reduced the time it takes to ship a feature.,positive
seed_050_30,30,ה-move ל-microservices הפחית significantly את הזמן שלוקח לשחרר feature.,positive
seed_050_60,60,The move to microservices significantly reduced את the time it takes to ship a feature.,positive
seed_051_0,0,האנדפוינט החדש עולה בסוף השבוע.,neutral
seed_051_100,100,The new endpoint is going live at the end of the week.,neutral
seed_051_30,30,ה-new endpoint עולה בסוף ה-week.,neutral
seed_051_60,60,The new endpoint is going live בסוף the week.,neutral
seed_052_0,0,הלואד באלאנסר לא חילק את התעבורה נכון והשרת אחד קרס מעומס.,negative
seed_052_100,100,The load balancer didn't distribute the traffic correctly and one server crashed from overload.,negative
seed_052_30,30,ה-load balancer לא חילק את ה-traffic נכון והשרת אחד קרס מ-overload.,negative
seed_052_60,60,The load balancer didn't distribute את the traffic correctly ו-one server crashed from overload.,negative
seed_053_0,0,הוספנו קאש וזמן התגובה של הקליינט ירד דרמטית.,positive
seed_053_100,100,We added a cache and the client's response time dropped dramatically.,positive
seed_053_30,30,הוספנו cache וזמן ה-response של ה-client ירד dramatically.,positive
seed_053_60,60,We added a cache ו-the client's response time dropped dramatically.,positive
seed_054_0,0,הדוקר לא עלה על הנוד החדש בגלל בעיית קונפיגורציה.,negative
seed_054_100,100,The docker container didn't come up on the new node due to a configuration issue.,negative
seed_054_30,30,ה-docker לא עלה על ה-new node בגלל configuration issue.,negative
seed_054_60,60,The docker container didn't come up ה-new node due to a configuration issue.,negative
seed_055_0,0,המיגרציה נכשלה באמצע והשארנו את הדאטהבייס במצב לא עקבי.,negative
seed_055_100,100,The migration failed halfway through and we left the database in an inconsistent state.,negative
seed_055_30,30,ה-migration נכשלה באמצע והשארנו את ה-database במצב inconsistent.,negative
seed_055_60,60,The migration failed באמצע ו-we left the database in an inconsistent state.,negative
seed_056_0,0,הוספנו אינדקס לטבלה והקוורי שהיה איטי הפך למהיר פי עשר.,positive
seed_056_100,100,We added an index to the table and the slow query became ten times faster.,positive
seed_056_30,30,הוספנו index ל-table וה-query שהיה slow הפך למהיר פי ten.,positive
seed_056_60,60,We added an index ל-the table ו-the slow query became ten times faster.,positive
seed_057_0,0,אנחנו מריצים בקאפ לדאטהבייס כל לילה.,neutral
seed_057_100,100,We run a backup of the database every night.,neutral
seed_057_30,30,אנחנו מריצים backup ל-database כל night.,neutral
seed_057_60,60,We run a backup ל-the database כל night.,neutral
seed_058_0,0,השאילתה הזאת סורקת את כל הטייבל וזה הורג את הביצועים.,negative
seed_058_100,100,This query scans the whole table and it's totally killing performance.,negative
seed_058_30,30,ה-query הזאת סורקת את כל ה-table וזה totally הורג את ה-performance.,negative
seed_058_60,60,This query scans את the whole table ו-it's totally killing performance.,negative
seed_059_0,0,עדכנו את הסכמה בלי לשבור אף שירות קיים.,positive
seed_059_100,100,We updated the schema without breaking any existing service.,positive
seed_059_30,30,עדכנו את ה-schema בלי לשבור אף existing service.,positive
seed_059_60,60,We updated the schema בלי breaking any existing service.,positive
seed_060_0,0,הפייפליין נשבר בגלל שינוי קטן וכל הצוות נתקע בלי יכולת לשחרר קוד.,negative
seed_060_100,100,"The pipeline broke because of a small change and the whole team got stuck, unable to ship code.",negative
seed_060_30,30,ה-pipeline נשבר בגלל small change וכל ה-team נתקע בלי יכולת לשחרר code.,negative
seed_060_60,60,The pipeline broke בגלל a small change ו-the whole team got stuck unable to ship code.,negative
seed_061_0,0,הוספנו מוניטורינג ומטריקות וכל בעיה נתפסת הרבה לפני שהיא מגיעה ללקוחות.,positive
seed_061_100,100,"We added monitoring and metrics and every issue gets caught much earlier, before it reaches customers.",positive
seed_061_30,30,הוספנו monitoring ו-metrics וכל issue נתפסת much earlier לפני שהיא מגיעה ל-customers.,positive
seed_061_60,60,We added monitoring and metrics ו-every issue gets caught much earlier before it reaches customers.,positive
seed_062_0,0,יש לנו דשבורד שמציג את כל המטריקות של האינפרה.,neutral
seed_062_100,100,We have a dashboard that shows all the infra metrics.,neutral
seed_062_30,30,יש לנו dashboard שמציג את כל ה-metrics של ה-infra.,neutral
seed_062_60,60,We have a dashboard שshows all the metrics of the infra.,neutral
seed_063_0,0,קיבלנו עשרות אלרטים בלילה ואף אחד מהם לא היה רלוונטי באמת.,negative
seed_063_100,100,We got dozens of alerts overnight and none of them were actually relevant.,negative
seed_063_30,30,קיבלנו dozens of alerts בלילה ואף אחד מהם לא היה really relevant.,negative
seed_063_60,60,We got dozens of alerts בלילה ו-none of them were actually relevant.,negative
seed_064_0,0,הטרייס עזר לנו לאתר בדיוק איפה הבקשה נתקעת.,positive
seed_064_100,100,The trace helped us pinpoint exactly where the request gets stuck.,positive
seed_064_30,30,ה-trace עזר לנו לאתר exactly איפה ה-request נתקעת.,positive
seed_064_60,60,The trace helped us לאתר exactly where the request gets stuck.,positive
seed_065_0,0,המודל רץ באינפרנס עם זמן תגובה של כמה מאות מילישניות.,neutral
seed_065_100,100,The model runs inference with a response time of a few hundred milliseconds.,neutral
seed_065_30,30,ה-model רץ ב-inference עם response time של כמה מאות milliseconds.,neutral
seed_065_60,60,The model runs באינפרנס with a response time of a few hundred milliseconds.,neutral
seed_066_0,0,אחרי הפיין-טיונינג המודל נתן תשובות הרבה יותר מדויקות.,positive
seed_066_100,100,"After fine-tuning, the model gave answers that were much more accurate.",positive
seed_066_30,30,אחרי ה-fine-tuning ה-model נתן answers הרבה יותר accurate.,positive
seed_066_60,60,After fine-tuning the model gave answers שwere much more accurate.,positive
seed_067_0,0,הפרומפט לא עבד טוב והמודל החזיר תשובות לא רלוונטיות.,negative
seed_067_100,100,The prompt didn't work well and the model returned irrelevant answers.,negative
seed_067_30,30,ה-prompt לא עבד well וה-model החזיר irrelevant answers.,negative
seed_067_60,60,The prompt didn't work well ו-the model returned irrelevant answers.,negative
seed_068_0,0,האמבדינגים לא הצליחו להפריד בין המשפטים בצורה ברורה.,negative
seed_068_100,100,The embeddings didn't manage to separate the sentences clearly.,negative
seed_068_30,30,ה-embeddings לא הצליחו להפריד בין ה-sentences בצורה clear.,negative
seed_068_60,60,The embeddings didn't manage להפריד between the sentences clearly.,negative
seed_069_0,0,הוספנו שכבת אחזור מידע עם וקטור דאטהבייס והתשובות הפכו הרבה יותר מדויקות.,positive
seed_069_100,100,We added a retrieval layer with a vector database and the answers became much more accurate.,positive
seed_069_30,30,הוספנו retrieval layer עם vector database והתשובות הפכו הרבה יותר accurate.,positive
seed_069_60,60,We added a retrieval layer עם a vector database ו-the answers became much more accurate.,positive
seed_070_0,0,האייג'נט משתמש בכלים חיצוניים כדי להשלים את המשימה.,neutral
seed_070_100,100,The agent uses external tools to complete the task.,neutral
seed_070_30,30,ה-agent משתמש ב-external tools כדי להשלים את ה-task.,neutral
seed_070_60,60,The agent uses external tools כדי to complete the task.,neutral
seed_071_0,0,קיבלתי אופר אחרי האונסייט וזה הרגיש כמו הישג ענק.,positive
seed_071_100,100,I got an offer after the onsite and it totally felt like a huge achievement.,positive
seed_071_30,30,קיבלתי offer אחרי ה-onsite וזה הרגיש totally like a huge achievement.,positive
seed_071_60,60,I got an offer אחרי the onsite ו-it totally felt like a huge achievement.,positive
seed_072_0,0,הסקרינינג הראשון היה ממש לא מאורגן ולקח שבועיים לקבל תשובה.,negative
seed_072_100,100,The first screening was really unorganized and it took two weeks to get an answer.,negative
seed_072_30,30,ה-first screening היה really unorganized ולקח two weeks לקבל answer.,negative
seed_072_60,60,The first screening was really unorganized ו-it took two weeks to get an answer.,negative
seed_073_0,0,שלחתי רפרל לחבר שלי לתפקיד בצוות.,neutral
seed_073_100,100,I sent a referral for a friend of mine for a position on the team.,neutral
seed_073_30,30,שלחתי referral לחבר שלי ל-position ב-team.,neutral
seed_073_60,60,I sent a referral לa friend of mine ל-a position on the team.,neutral
seed_074_0,0,קיבלתי פרומושן ללבל הבא אחרי שנה של עבודה קשה.,positive
seed_074_100,100,I got a promotion to the next level after a year of hard work.,positive
seed_074_30,30,קיבלתי promotion ל-next level אחרי year של hard work.,positive
seed_074_60,60,I got a promotion to the next level אחרי a year of hard work.,positive
seed_075_0,0,הפידבק שקיבלתי היה כללי מדי ולא עזר לי להבין מה לשפר.,negative
seed_075_100,100,The feedback I got was too generic and didn't help me understand what to improve.,negative
seed_075_30,30,ה-feedback שקיבלתי היה too generic ולא עזר לי להבין מה לשפר.,negative
seed_075_60,60,The feedback I got was too generic ולא helped me understand what to improve.,negative
seed_076_0,0,יש לנו בלוקר שמונע מאיתנו להתקדם כבר יומיים.,negative
seed_076_100,100,We have a blocker that's been preventing us from moving forward for two days already.,negative
seed_076_30,30,יש לנו blocker שמונע מאיתנו להתקדם כבר two days.,negative
seed_076_60,60,We have a blocker שpreventing us from moving forward for two days already.,negative
seed_077_0,0,הדדליין הזה לא ריאלי מלכתחילה ולא נספיק.,negative
seed_077_100,100,This deadline is totally unrealistic from the start and we're not going to make it.,negative
seed_077_30,30,ה-deadline הזה totally unrealistic מלכתחילה ולא נספיק.,negative
seed_077_60,60,This deadline is totally unrealistic from the start ו-we're not going to make it.,negative
seed_078_0,0,בוא נעשה סינק קצר לפני הישיבה.,neutral
seed_078_100,100,Let's do a quick sync before the meeting.,neutral
seed_078_30,30,בוא נעשה sync קצר לפני ה-meeting.,neutral
seed_078_60,60,Let's do a quick sync לפני the meeting.,neutral
seed_079_0,0,תן לי אפדייט על הטיקט הזה.,neutral
seed_079_100,100,Give me an update on this ticket.,neutral
seed_079_30,30,תן לי update על ה-ticket הזה.,neutral
seed_079_60,60,Give me an update על this ticket.,neutral
seed_080_0,0,הטיקט הזה כבר שבועיים בבקלוג ואף אחד לא נגע בו.,negative
seed_080_100,100,This ticket has been sitting in the backlog for two weeks and nobody's touched it.,negative
seed_080_30,30,ה-ticket הזה כבר two weeks ב-backlog ואף אחד לא נגע בו.,negative
seed_080_60,60,This ticket has been ב-the backlog for two weeks ו-nobody touched it.,negative
seed_081_0,0,"הרטרו הפעם היה כן ופתוח, כולם העלו נקודות אמיתיות.",positive
seed_081_100,100,"The retro this time was totally honest and open, everyone raised real points.",positive
seed_081_30,30,"ה-retro הפעם היה totally honest ו-open, כולם raised real points.",positive
seed_081_60,60,"The retro הפעם was totally honest and open, everyone raised real points.",positive
seed_082_0,0,"הסטנדאפ היה קצר וממוקד, בדיוק כמו שצריך.",positive
seed_082_100,100,"The standup was short and focused, exactly the way it should be.",positive
seed_082_30,30,"ה-standup היה short וfocused, exactly כמו שצריך.",positive
seed_082_60,60,"The standup was short and focused, exactly like it should be.",positive
seed_083_0,0,הגרומינג נמשך שעה שלמה על טיקט אחד קטן.,negative
seed_083_100,100,The grooming session went on for a whole hour over one small ticket.,negative
seed_083_30,30,ה-grooming נמשך a whole hour על ticket אחד קטן.,negative
seed_083_60,60,The grooming session went on for a whole hour על one small ticket.,negative
seed_084_0,0,"האסטימציה שלנו הייתה רחוקה מהמציאות, לקח פי שלוש מהזמן.",negative
seed_084_100,100,Our estimation was totally off — it took three times as long.,negative
seed_084_30,30,"ה-estimation שלנו הייתה totally off, לקח פי three מהזמן.",negative
seed_084_60,60,"Our estimation was totally off, it took three times as long.",negative
seed_085_0,0,"האונר של הטיקט הזה לא ברור, כל אחד חושב שזה מישהו אחר.",negative
seed_085_100,100,"The owner of this ticket isn't clear, everyone thinks it's someone else.",negative
seed_085_30,30,"ה-owner של ה-ticket הזה לא clear, כל אחד חושב שזה מישהו אחר.",negative
seed_085_60,60,"The owner של this ticket isn't clear, everyone thinks it's someone else.",negative
seed_086_0,0,העליתי את הריפו לגישה של כל הצוות.,neutral
seed_086_100,100,I made the repo accessible to the whole team.,neutral
seed_086_30,30,העליתי את ה-repo ל-access של כל ה-team.,neutral
seed_086_60,60,I uploaded the repo לaccess by the whole team.,neutral
seed_087_0,0,הבילד נכשל בגלל תלות שהשתנתה בלי שידענו.,negative
seed_087_100,100,The build failed because of a dependency that changed without us knowing.,negative
seed_087_30,30,ה-build נכשל בגלל dependency שהשתנתה בלי שידענו.,negative
seed_087_60,60,The build failed בגלל a dependency שchanged without us knowing.,negative
seed_088_0,0,הריליס יצא בזמן ובלי אף באג ידוע.,positive
seed_088_100,100,The release went out on time and without any known bugs.,positive
seed_088_30,30,ה-release יצא on time ובלי אף known bug.,positive
seed_088_60,60,The release went out on time ובלי any known bug.,positive
seed_089_0,0,עשיתי פיקס מהיר לבאג הקריטי תוך עשר דקות.,positive
seed_089_100,100,I did a quick fix for the critical bug within ten minutes.,positive
seed_089_30,30,עשיתי fix fast ל-critical bug תוך ten minutes.,positive
seed_089_60,60,I did a quick fix ל-the critical bug תוך ten minutes.,positive
seed_090_0,0,שחררנו פאץ' קטן לתיקון הבעיה מאתמול.,neutral
seed_090_100,100,We released a small patch to fix yesterday's issue.,neutral
seed_090_30,30,שחררנו patch קטן ל-fix ה-issue מאתמול.,neutral
seed_090_60,60,We released a small patch ל-fix yesterday's issue.,neutral
seed_091_0,0,הריפקטור לקח הרבה יותר זמן ממה שתכננו וכמעט שבר הכול.,negative
seed_091_100,100,The refactor took much more time than we planned and it almost broke everything.,negative
seed_091_30,30,ה-refactor לקח much more time ממה שתכננו וכמעט שבר everything.,negative
seed_091_60,60,The refactor took much more time than we planned ו-it almost broke everything.,negative
seed_092_0,0,בזבזתי את כל הבוקר בדיבאג של בעיה שהתבררה כטריוויאלית.,negative
seed_092_100,100,I wasted the whole morning debugging an issue that turned out to be trivial.,negative
seed_092_30,30,בזבזתי את כל ה-morning ב-debug של issue שהתבררה כtrivial.,negative
seed_092_60,60,I wasted the whole morning debugging an issue שturned out to be trivial.,negative
seed_093_0,0,בוא נבדוק את הלוגים לפני שנסיק מסקנות.,neutral
seed_093_100,100,Let's check the logs before we jump to conclusions.,neutral
seed_093_30,30,בוא נבדוק את ה-logs לפני שנסיק conclusions.,neutral
seed_093_60,60,Let's check the logs לפני we jump to conclusions.,neutral
seed_094_0,0,הקמנו קונטיינר נפרד לכל שירות וזה הקל מאוד על הפריסה.,positive
seed_094_100,100,We set up a separate container for each service and it made deployment much easier.,positive
seed_094_30,30,הקמנו container נפרד לכל service וזה הקל very much על ה-deployment.,positive
seed_094_60,60,We set up a separate container לeach service ו-it made the deployment much easier.,positive
seed_095_0,0,קוברנטיס לא הצליח לתזמן את הפוד בגלל מחסור במשאבים.,negative
seed_095_100,100,Kubernetes couldn't schedule the pod due to a lack of resources.,negative
seed_095_30,30,kubernetes לא הצליח לתזמן את ה-pod בגלל lack ב-resources.,negative
seed_095_60,60,Kubernetes couldn't schedule את the pod due to a lack of resources.,negative
seed_096_0,0,הוספנו נוד חדש לקלאסטר וזה פתר את בעיית העומס לגמרי.,positive
seed_096_100,100,We added a new node to the cluster and it totally solved the load issue.,positive
seed_096_30,30,הוספנו node חדש ל-cluster וזה פתר את ה-load issue totally.,positive
seed_096_60,60,We added a new node ל-the cluster ו-it totally solved the load issue.,positive
seed_097_0,0,הסרבר נפל בשעת שיא והמון משתמשים לא הצליחו להתחבר.,negative
seed_097_100,100,The server went down during peak hours and a ton of users couldn't connect.,negative
seed_097_30,30,ה-server נפל בשעת peak והמון users לא הצליחו להתחבר.,negative
seed_097_60,60,The server went down בpeak hours ו-a ton of users couldn't connect.,negative
seed_098_0,0,הגייטוויי מנתב את כל הבקשות לשירותים הפנימיים.,neutral
seed_098_100,100,The gateway routes all the requests to the internal services.,neutral
seed_098_30,30,ה-gateway מנתב את כל ה-requests ל-internal services.,neutral
seed_098_60,60,The gateway routes all the requests לthe internal services.,neutral
seed_099_0,0,יש לנו לטנסי גבוהה בבקשות והלקוחות מתלוננים.,negative
seed_099_100,100,We have high latency on requests and customers are complaining.,negative
seed_099_30,30,יש לנו high latency ב-requests וה-customers מתלוננים.,negative
seed_099_60,60,We have high latency ב-requests ו-customers are complaining.,negative
seed_100_0,0,הפתרון הזה לא סקיילבילי ויקרוס ברגע שהעומס יגדל.,negative
seed_100_100,100,This solution isn't scalable and it'll collapse the moment the load increases.,negative
seed_100_30,30,ה-solution הזה לא scalable ויקרוס ברגע שה-load יגדל.,negative
seed_100_60,60,This solution isn't scalable ו-it'll collapse the moment the load increases.,negative
seed_101_0,0,זה אוברהד מיותר לתחזק שני מערכות שעושות בדיוק אותו דבר.,negative
seed_101_100,100,It's unnecessary overhead to maintain two systems that do exactly the same thing.,negative
seed_101_30,30,זה unnecessary overhead לתחזק two systems שעושות exactly אותו דבר.,negative
seed_101_60,60,It's unnecessary overhead לmaintain two systems that do exactly the same thing.,negative
seed_102_0,0,המודל מוגבל למספר טוקנים מסוים בכל בקשה.,neutral
seed_102_100,100,The model is limited to a certain number of tokens per request.,neutral
seed_102_30,30,ה-model מוגבל ל-number של tokens מסוים בכל request.,neutral
seed_102_60,60,The model is limited ל-a certain number of tokens בevery request.,neutral
seed_103_0,0,עברנו את מגבלת הטוקנים והבקשה נכשלה.,negative
seed_103_100,100,We went over the token limit and the request failed.,negative
seed_103_30,30,עברנו את ה-token limit וה-request נכשלה.,negative
seed_103_60,60,We went over the token limit ו-the request failed.,negative
seed_104_0,0,קיבלתי בונוס יפה בסוף השנה על התרומה שלי לפרויקט.,positive
seed_104_100,100,I got a nice bonus at the end of the year for my contribution to the project.,positive
seed_104_30,30,קיבלתי bonus יפה בסוף ה-year על ה-contribution שלי ל-project.,positive
seed_104_60,60,I got a nice bonus בסוף the year for my contribution ל-the project.,positive
seed_105_0,0,הבונוס השנה היה נמוך משמעותית מהציפיות של הצוות.,negative
seed_105_100,100,The bonus this year was significantly lower than the team's expectations.,negative
seed_105_30,30,ה-bonus השנה היה significantly lower מ-expectations של ה-team.,negative
seed_105_60,60,The bonus השנה was significantly lower than the team's expectations.,negative
